{
    "combined_score": 1.6451030993256395,
    "public": {
        "centers_str": "  centers[0] = (0.0800, 0.0800)\n  centers[1] = (0.9200, 0.0800)\n  centers[2] = (0.9200, 0.9200)\n  centers[3] = (0.0800, 0.9200)\n  centers[4] = (0.5000, 0.5000)\n  centers[5] = (0.3800, 0.5000)\n  centers[6] = (0.6200, 0.5000)\n  centers[7] = (0.5000, 0.3800)\n  centers[8] = (0.5000, 0.6200)\n  centers[9] = (0.5000, 0.0800)\n  centers[10] = (0.5000, 0.9200)\n  centers[11] = (0.0800, 0.5000)\n  centers[12] = (0.9200, 0.5000)\n  centers[13] = (0.2200, 0.2200)\n  centers[14] = (0.7800, 0.2200)\n  centers[15] = (0.7800, 0.7800)\n  centers[16] = (0.2200, 0.7800)\n  centers[17] = (0.3926, 0.2204)\n  centers[18] = (0.3927, 0.7769)\n  centers[19] = (0.6100, 0.2264)\n  centers[20] = (0.6097, 0.7648)\n  centers[21] = (0.7650, 0.6108)\n  centers[22] = (0.7754, 0.3886)\n  centers[23] = (0.2295, 0.3914)\n  centers[24] = (0.2210, 0.6225)\n  centers[25] = (0.6910, 0.8618)",
        "num_circles": 26
    },
    "private": {
        "reported_sum_of_radii": 1.6451030993256395
    },
    "execution_time_mean": 0.009441074973437935,
    "execution_time_std": 0.0,
    "num_valid_runs": 0,
    "num_invalid_runs": 1,
    "all_validation_errors": [
        "Circles 4 & 5 overlap. Dist: 0.1200, Sum Radii: 0.1200"
    ]
}