{
    "combined_score": 1.7362845816061145,
    "public": {
        "centers_str": "  centers[0] = (0.1250, 0.1250)\n  centers[1] = (0.1250, 0.3750)\n  centers[2] = (0.1250, 0.6250)\n  centers[3] = (0.1250, 0.8750)\n  centers[4] = (0.3750, 0.1250)\n  centers[5] = (0.3750, 0.3750)\n  centers[6] = (0.3750, 0.6250)\n  centers[7] = (0.3750, 0.8750)\n  centers[8] = (0.6250, 0.1250)\n  centers[9] = (0.6250, 0.3750)\n  centers[10] = (0.6250, 0.6250)\n  centers[11] = (0.6250, 0.8750)\n  centers[12] = (0.8750, 0.1250)\n  centers[13] = (0.8750, 0.3750)\n  centers[14] = (0.8750, 0.6250)\n  centers[15] = (0.8750, 0.8750)\n  centers[16] = (0.2500, 0.0700)\n  centers[17] = (0.7500, 0.0700)\n  centers[18] = (0.2500, 0.9300)\n  centers[19] = (0.7500, 0.9300)\n  centers[20] = (0.0700, 0.2500)\n  centers[21] = (0.0700, 0.7500)\n  centers[22] = (0.9300, 0.2500)\n  centers[23] = (0.9300, 0.7500)\n  centers[24] = (0.0700, 0.0700)\n  centers[25] = (0.9300, 0.9300)",
        "num_circles": 26
    },
    "private": {
        "reported_sum_of_radii": 1.7362845816061145
    },
    "execution_time_mean": 0.0013083880039630458,
    "execution_time_std": 0.0,
    "num_valid_runs": 1,
    "num_invalid_runs": 0,
    "all_validation_errors": []
}