{
    "combined_score": 1.410026202910549,
    "public": {
        "centers_str": "  centers[0] = (0.2641, 0.2641)\n  centers[1] = (0.4410, 0.2641)\n  centers[2] = (0.6180, 0.2641)\n  centers[3] = (0.7949, 0.2641)\n  centers[4] = (0.3526, 0.4173)\n  centers[5] = (0.5295, 0.4173)\n  centers[6] = (0.7064, 0.4173)\n  centers[7] = (0.8833, 0.4173)\n  centers[8] = (0.2641, 0.5705)\n  centers[9] = (0.4410, 0.5705)\n  centers[10] = (0.6180, 0.5705)\n  centers[11] = (0.7949, 0.5705)\n  centers[12] = (0.3526, 0.7238)\n  centers[13] = (0.5295, 0.7238)\n  centers[14] = (0.1363, 0.1363)\n  centers[15] = (0.8637, 0.1363)\n  centers[16] = (0.1363, 0.8637)\n  centers[17] = (0.8637, 0.8637)\n  centers[18] = (0.5000, 0.0380)\n  centers[19] = (0.5000, 0.9620)\n  centers[20] = (0.0380, 0.5000)\n  centers[21] = (0.9620, 0.5000)\n  centers[22] = (0.1855, 0.5000)\n  centers[23] = (0.8145, 0.5000)\n  centers[24] = (0.5000, 0.1855)\n  centers[25] = (0.5000, 0.8145)",
        "num_circles": 26
    },
    "private": {
        "reported_sum_of_radii": 1.410026202910549
    },
    "execution_time_mean": 0.3391078189597465,
    "execution_time_std": 0.0,
    "num_valid_runs": 0,
    "num_invalid_runs": 1,
    "all_validation_errors": [
        "Circle 14 (x=0.1363, y=0.1363, r=0.1368) is outside unit square."
    ]
}