{
    "combined_score": 2.379586701919171,
    "public": {
        "centers_str": "  centers[0] = (0.4584, 0.4229)\n  centers[1] = (0.2839, 0.8740)\n  centers[2] = (0.9379, 0.0649)\n  centers[3] = (0.0508, 0.0528)\n  centers[4] = (0.7530, 0.8810)\n  centers[5] = (0.3574, 0.6899)\n  centers[6] = (0.1187, 0.7232)\n  centers[7] = (0.4329, 0.0536)\n  centers[8] = (0.9316, 0.9280)\n  centers[9] = (0.6347, 0.6647)\n  centers[10] = (0.5642, 0.1446)\n  centers[11] = (0.9284, 0.1996)\n  centers[12] = (0.2636, 0.2820)\n  centers[13] = (0.0742, 0.5375)\n  centers[14] = (0.7764, 0.1065)\n  centers[15] = (0.2264, 0.5534)\n  centers[16] = (0.5090, 0.8718)\n  centers[17] = (0.3189, 0.1385)\n  centers[18] = (0.1897, 0.9641)\n  centers[19] = (0.8738, 0.6735)\n  centers[20] = (0.8028, 0.3955)\n  centers[21] = (0.1707, 0.0715)\n  centers[22] = (0.1821, 0.2004)\n  centers[23] = (0.1124, 0.3555)\n  centers[24] = (0.0625, 0.1673)\n  centers[25] = (0.0814, 0.9194)",
        "num_circles": 26
    },
    "private": {
        "reported_sum_of_radii": 2.379586701919171
    },
    "execution_time_mean": 1.0219007069827057,
    "execution_time_std": 0.0,
    "num_valid_runs": 1,
    "num_invalid_runs": 0,
    "all_validation_errors": []
}