{
    "combined_score": 1.879884444156172,
    "public": {
        "centers_str": "  centers[0] = (0.5238, 0.4681)\n  centers[1] = (0.4259, 0.3263)\n  centers[2] = (0.3477, 0.5238)\n  centers[3] = (0.5516, 0.7200)\n  centers[4] = (0.7253, 0.4703)\n  centers[5] = (0.2675, 0.3653)\n  centers[6] = (0.6319, 0.3152)\n  centers[7] = (0.3730, 0.6758)\n  centers[8] = (0.6132, 0.6048)\n  centers[9] = (0.2022, 0.4867)\n  centers[10] = (0.4752, 0.1106)\n  centers[11] = (0.4708, 0.8732)\n  centers[12] = (0.9275, 0.4054)\n  centers[13] = (0.3169, 0.7878)\n  centers[14] = (0.6759, 0.1432)\n  centers[15] = (0.2956, 0.1956)\n  centers[16] = (0.6659, 0.8270)\n  centers[17] = (0.8161, 0.3098)\n  centers[18] = (0.1011, 0.3230)\n  centers[19] = (0.8934, 0.6764)\n  centers[20] = (0.1428, 0.6397)\n  centers[21] = (0.1282, 0.1065)\n  centers[22] = (0.8790, 0.1377)\n  centers[23] = (0.1431, 0.8784)\n  centers[24] = (0.8661, 0.8825)\n  centers[25] = (0.8954, 0.5280)",
        "num_circles": 26
    },
    "private": {
        "reported_sum_of_radii": 1.879884444156172
    },
    "execution_time_mean": 0.11134038999443874,
    "execution_time_std": 0.0,
    "num_valid_runs": 1,
    "num_invalid_runs": 0,
    "all_validation_errors": []
}