{
    "combined_score": 1.874597284597057,
    "public": {
        "centers_str": "  centers[0] = (0.6600, 0.3400)\n  centers[1] = (0.3691, 0.2277)\n  centers[2] = (0.5940, 0.2544)\n  centers[3] = (0.6109, 0.0950)\n  centers[4] = (0.4715, 0.6004)\n  centers[5] = (0.5200, 0.9428)\n  centers[6] = (0.1800, 0.1800)\n  centers[7] = (0.9014, 0.9250)\n  centers[8] = (0.8679, 0.7339)\n  centers[9] = (0.5671, 0.6426)\n  centers[10] = (0.2299, 0.0802)\n  centers[11] = (0.1800, 0.8200)\n  centers[12] = (0.1027, 0.0944)\n  centers[13] = (0.6475, 0.7531)\n  centers[14] = (0.8200, 0.5000)\n  centers[15] = (0.1800, 0.3400)\n  centers[16] = (0.6643, 0.9135)\n  centers[17] = (0.3990, 0.1131)\n  centers[18] = (0.5000, 0.8200)\n  centers[19] = (0.5454, 0.4444)\n  centers[20] = (0.3400, 0.3400)\n  centers[21] = (0.3400, 0.5000)\n  centers[22] = (0.3501, 0.8957)\n  centers[23] = (0.1215, 0.5771)\n  centers[24] = (0.8200, 0.1800)\n  centers[25] = (0.3488, 0.6963)",
        "num_circles": 26
    },
    "private": {
        "reported_sum_of_radii": 1.874597284597057
    },
    "execution_time_mean": 70.76530269003706,
    "execution_time_std": 0.0,
    "num_valid_runs": 1,
    "num_invalid_runs": 0,
    "all_validation_errors": []
}