{
    "combined_score": 2.0981209510850447,
    "public": {
        "centers_str": "  centers[0] = (0.4908, 0.4995)\n  centers[1] = (0.3722, 0.3147)\n  centers[2] = (0.5905, 0.3507)\n  centers[3] = (0.4122, 0.6957)\n  centers[4] = (0.5914, 0.7068)\n  centers[5] = (0.3698, 0.5068)\n  centers[6] = (0.6401, 0.5217)\n  centers[7] = (0.2298, 0.3567)\n  centers[8] = (0.7568, 0.6837)\n  centers[9] = (0.2366, 0.6959)\n  centers[10] = (0.7869, 0.3446)\n  centers[11] = (0.3129, 0.1796)\n  centers[12] = (0.4829, 0.2216)\n  centers[13] = (0.6774, 0.1655)\n  centers[14] = (0.3189, 0.8582)\n  centers[15] = (0.6697, 0.8161)\n  centers[16] = (0.5058, 0.8896)\n  centers[17] = (0.1154, 0.1879)\n  centers[18] = (0.1175, 0.5301)\n  centers[19] = (0.8712, 0.5190)\n  centers[20] = (0.1157, 0.8580)\n  centers[21] = (0.8936, 0.1825)\n  centers[22] = (0.8719, 0.8542)\n  centers[23] = (0.9377, 0.6736)\n  centers[24] = (0.9364, 0.3570)\n  centers[25] = (0.0624, 0.3584)",
        "num_circles": 26
    },
    "private": {
        "reported_sum_of_radii": 2.0981209510850447
    },
    "execution_time_mean": 2.9004014690290205,
    "execution_time_std": 0.0,
    "num_valid_runs": 1,
    "num_invalid_runs": 0,
    "all_validation_errors": []
}