{
    "combined_score": 1.9204689884162673,
    "public": {
        "centers_str": "  centers[0] = (0.0390, 0.0382)\n  centers[1] = (0.2005, 0.0564)\n  centers[2] = (0.3211, 0.0648)\n  centers[3] = (0.4230, 0.0536)\n  centers[4] = (0.6641, 0.1203)\n  centers[5] = (0.9212, 0.0815)\n  centers[6] = (0.0960, 0.1193)\n  centers[7] = (0.2316, 0.1808)\n  centers[8] = (0.5140, 0.0662)\n  centers[9] = (0.5854, 0.1156)\n  centers[10] = (0.7746, 0.0981)\n  centers[11] = (0.0376, 0.2011)\n  centers[12] = (0.0886, 0.2888)\n  centers[13] = (0.5308, 0.6350)\n  centers[14] = (0.4463, 0.2370)\n  centers[15] = (0.6664, 0.2440)\n  centers[16] = (0.8751, 0.2621)\n  centers[17] = (0.0675, 0.4671)\n  centers[18] = (0.1923, 0.3957)\n  centers[19] = (0.3797, 0.4604)\n  centers[20] = (0.6111, 0.4611)\n  centers[21] = (0.8601, 0.4995)\n  centers[22] = (0.1310, 0.6243)\n  centers[23] = (0.2918, 0.8358)\n  centers[24] = (0.4334, 0.6451)\n  centers[25] = (0.6916, 0.7839)",
        "num_circles": 26
    },
    "private": {
        "reported_sum_of_radii": 1.9204689884162673
    },
    "execution_time_mean": 3.4472190249944106,
    "execution_time_std": 0.0,
    "num_valid_runs": 1,
    "num_invalid_runs": 0,
    "all_validation_errors": []
}