{
    "combined_score": 2.2041258305407543,
    "public": {
        "centers_str": "  centers[0] = (0.4414, 0.4961)\n  centers[1] = (0.9612, 0.4482)\n  centers[2] = (0.7046, 0.7108)\n  centers[3] = (0.5058, 0.8760)\n  centers[4] = (0.3713, 0.7502)\n  centers[5] = (0.1686, 0.6070)\n  centers[6] = (0.3056, 0.2643)\n  centers[7] = (0.5516, 0.2141)\n  centers[8] = (0.8194, 0.3209)\n  centers[9] = (0.8963, 0.5695)\n  centers[10] = (0.9168, 0.7597)\n  centers[11] = (0.9526, 0.9523)\n  centers[12] = (0.8198, 0.9069)\n  centers[13] = (0.6551, 0.9272)\n  centers[14] = (0.3435, 0.9199)\n  centers[15] = (0.1499, 0.8736)\n  centers[16] = (0.0319, 0.9680)\n  centers[17] = (0.0592, 0.4314)\n  centers[18] = (0.0949, 0.2810)\n  centers[19] = (0.0411, 0.0421)\n  centers[20] = (0.1688, 0.0986)\n  centers[21] = (0.6131, 0.0462)\n  centers[22] = (0.7241, 0.0667)\n  centers[23] = (0.9609, 0.0446)\n  centers[24] = (0.8552, 0.0842)\n  centers[25] = (0.3824, 0.0817)",
        "num_circles": 26
    },
    "private": {
        "reported_sum_of_radii": 2.2041258305407543
    },
    "execution_time_mean": 3.3121469910256565,
    "execution_time_std": 0.0,
    "num_valid_runs": 1,
    "num_invalid_runs": 0,
    "all_validation_errors": []
}