{
    "combined_score": 2.2120335571607153,
    "public": {
        "centers_str": "  centers[0] = (0.0609, 0.0611)\n  centers[1] = (0.8062, 0.0619)\n  centers[2] = (0.0880, 0.9137)\n  centers[3] = (0.7782, 0.9158)\n  centers[4] = (0.2284, 0.1124)\n  centers[5] = (0.4632, 0.1237)\n  centers[6] = (0.6627, 0.0802)\n  centers[7] = (0.8881, 0.2146)\n  centers[8] = (0.0666, 0.1891)\n  centers[9] = (0.0720, 0.7564)\n  centers[10] = (0.9482, 0.3668)\n  centers[11] = (0.9372, 0.9388)\n  centers[12] = (0.1920, 0.4993)\n  centers[13] = (0.6424, 0.7177)\n  centers[14] = (0.6174, 0.3440)\n  centers[15] = (0.2755, 0.6288)\n  centers[16] = (0.3339, 0.4525)\n  centers[17] = (0.4691, 0.6319)\n  centers[18] = (0.6934, 0.6118)\n  centers[19] = (0.1199, 0.3680)\n  centers[20] = (0.3169, 0.8496)\n  centers[21] = (0.6017, 0.8692)\n  centers[22] = (0.6040, 0.7015)\n  centers[23] = (0.8494, 0.7681)\n  centers[24] = (0.1021, 0.5983)\n  centers[25] = (0.8796, 0.5216)",
        "num_circles": 26
    },
    "private": {
        "reported_sum_of_radii": 2.2120335571607153
    },
    "execution_time_mean": 13.825325316982344,
    "execution_time_std": 0.0,
    "num_valid_runs": 1,
    "num_invalid_runs": 0,
    "all_validation_errors": []
}