{
    "combined_score": 2.39622465166727,
    "public": {
        "centers_str": "  centers[0] = (0.2885, 0.5360)\n  centers[1] = (0.8473, 0.3138)\n  centers[2] = (0.1152, 0.5235)\n  centers[3] = (0.0294, 0.8503)\n  centers[4] = (0.8938, 0.9129)\n  centers[5] = (0.2158, 0.2499)\n  centers[6] = (0.8116, 0.0373)\n  centers[7] = (0.2281, 0.8772)\n  centers[8] = (0.9669, 0.8191)\n  centers[9] = (0.4496, 0.8559)\n  centers[10] = (0.3569, 0.3579)\n  centers[11] = (0.9172, 0.0923)\n  centers[12] = (0.6952, 0.8817)\n  centers[13] = (0.5932, 0.3918)\n  centers[14] = (0.6996, 0.1130)\n  centers[15] = (0.8939, 0.7239)\n  centers[16] = (0.2842, 0.1060)\n  centers[17] = (0.0972, 0.7441)\n  centers[18] = (0.2859, 0.6944)\n  centers[19] = (0.6915, 0.6315)\n  centers[20] = (0.9042, 0.5479)\n  centers[21] = (0.0834, 0.9330)\n  centers[22] = (0.4942, 0.1639)\n  centers[23] = (0.0905, 0.1300)\n  centers[24] = (0.4535, 0.5700)\n  centers[25] = (0.0907, 0.3204)",
        "num_circles": 26
    },
    "private": {
        "reported_sum_of_radii": 2.39622465166727
    },
    "execution_time_mean": 1.418590357992798,
    "execution_time_std": 0.0,
    "num_valid_runs": 1,
    "num_invalid_runs": 0,
    "all_validation_errors": []
}