{
    "combined_score": 1.9935154607884469,
    "public": {
        "centers_str": "  centers[0] = (0.0526, 0.0527)\n  centers[1] = (0.1360, 0.0492)\n  centers[2] = (0.3992, 0.2380)\n  centers[3] = (0.3792, 0.0961)\n  centers[4] = (0.6483, 0.0389)\n  centers[5] = (0.9134, 0.0864)\n  centers[6] = (0.0973, 0.1585)\n  centers[7] = (0.2495, 0.0948)\n  centers[8] = (0.4726, 0.3740)\n  centers[9] = (0.5454, 0.1020)\n  centers[10] = (0.7492, 0.0984)\n  centers[11] = (0.0361, 0.2359)\n  centers[12] = (0.0715, 0.3047)\n  centers[13] = (0.4686, 0.5146)\n  centers[14] = (0.4738, 0.2593)\n  centers[15] = (0.6622, 0.2798)\n  centers[16] = (0.8814, 0.2545)\n  centers[17] = (0.1228, 0.4704)\n  centers[18] = (0.2765, 0.2924)\n  centers[19] = (0.5783, 0.6152)\n  centers[20] = (0.5495, 0.4372)\n  centers[21] = (0.8545, 0.4933)\n  centers[22] = (0.1634, 0.7378)\n  centers[23] = (0.3309, 0.5348)\n  centers[24] = (0.4439, 0.8324)\n  centers[25] = (0.7992, 0.8006)",
        "num_circles": 26
    },
    "private": {
        "reported_sum_of_radii": 1.9935154607884469
    },
    "execution_time_mean": 25.050329543999396,
    "execution_time_std": 0.0,
    "num_valid_runs": 1,
    "num_invalid_runs": 0,
    "all_validation_errors": []
}