{
    "combined_score": 2.153909803826865,
    "public": {
        "centers_str": "  centers[0] = (0.4458, 0.5769)\n  centers[1] = (0.7813, 0.3168)\n  centers[2] = (0.4639, 0.3501)\n  centers[3] = (0.7075, 0.5494)\n  centers[4] = (0.2854, 0.6222)\n  centers[5] = (0.6089, 0.5816)\n  centers[6] = (0.4952, 0.7111)\n  centers[7] = (0.4545, 0.1966)\n  centers[8] = (0.7768, 0.4745)\n  centers[9] = (0.2973, 0.3647)\n  centers[10] = (0.7454, 0.6641)\n  centers[11] = (0.1159, 0.7443)\n  centers[12] = (0.5296, 0.9024)\n  centers[13] = (0.6280, 0.3349)\n  centers[14] = (0.3366, 0.0889)\n  centers[15] = (0.8989, 0.5609)\n  centers[16] = (0.1148, 0.5070)\n  centers[17] = (0.8199, 0.8673)\n  centers[18] = (0.3050, 0.8586)\n  centers[19] = (0.6142, 0.1096)\n  centers[20] = (0.4488, 0.0653)\n  centers[21] = (0.8366, 0.1640)\n  centers[22] = (0.1475, 0.1479)\n  centers[23] = (0.8966, 0.3801)\n  centers[24] = (0.0904, 0.3375)\n  centers[25] = (0.9157, 0.7195)",
        "num_circles": 26
    },
    "private": {
        "reported_sum_of_radii": 2.153909803826865
    },
    "execution_time_mean": 4.355063547962345,
    "execution_time_std": 0.0,
    "num_valid_runs": 0,
    "num_invalid_runs": 1,
    "all_validation_errors": [
        "Circles 1 & 21 overlap. Dist: 0.1625, Sum Radii: 0.1633"
    ]
}