{
    "combined_score": 0.9494031664352974,
    "public": {
        "centers_str": "  centers[0] = (0.0000, 0.0000)\n  centers[1] = (1.0000, 0.0000)\n  centers[2] = (1.0000, 1.0000)\n  centers[3] = (0.0000, 1.0000)\n  centers[4] = (0.5000, 0.5000)\n  centers[5] = (0.5000, 0.0000)\n  centers[6] = (1.0000, 0.5000)\n  centers[7] = (0.5000, 1.0000)\n  centers[8] = (0.0000, 0.5000)\n  centers[9] = (0.2500, 0.0000)\n  centers[10] = (0.7500, 0.0000)\n  centers[11] = (1.0000, 0.2500)\n  centers[12] = (1.0000, 0.7500)\n  centers[13] = (0.7500, 1.0000)\n  centers[14] = (0.2500, 1.0000)\n  centers[15] = (0.0000, 0.7500)\n  centers[16] = (0.0000, 0.2500)\n  centers[17] = (0.2500, 0.2500)\n  centers[18] = (0.7500, 0.2500)\n  centers[19] = (0.7500, 0.7500)\n  centers[20] = (0.2500, 0.7500)\n  centers[21] = (0.5000, 0.2500)\n  centers[22] = (0.4848, 0.7522)\n  centers[23] = (0.2743, 0.4769)\n  centers[24] = (0.7698, 0.4857)\n  centers[25] = (0.6184, 0.6334)",
        "num_circles": 26
    },
    "private": {
        "reported_sum_of_radii": 0.9494031664352974
    },
    "execution_time_mean": 5.335179001966026,
    "execution_time_std": 0.0,
    "num_valid_runs": 1,
    "num_invalid_runs": 0,
    "all_validation_errors": []
}