{
    "combined_score": 2.209579233473918,
    "public": {
        "centers_str": "  centers[0] = (0.5002, 0.5341)\n  centers[1] = (0.6251, 0.5097)\n  centers[2] = (0.6966, 0.6686)\n  centers[3] = (0.4889, 0.7243)\n  centers[4] = (0.2867, 0.7128)\n  centers[5] = (0.3315, 0.4871)\n  centers[6] = (0.2106, 0.3202)\n  centers[7] = (0.4539, 0.3058)\n  centers[8] = (0.7182, 0.3415)\n  centers[9] = (0.3674, 0.9062)\n  centers[10] = (0.6722, 0.8563)\n  centers[11] = (0.5505, 0.5955)\n  centers[12] = (0.4417, 0.5109)\n  centers[13] = (0.1288, 0.5298)\n  centers[14] = (0.5055, 0.0979)\n  centers[15] = (0.8949, 0.5218)\n  centers[16] = (0.5290, 0.9321)\n  centers[17] = (0.1127, 0.1249)\n  centers[18] = (0.8773, 0.1008)\n  centers[19] = (0.1512, 0.8896)\n  centers[20] = (0.8906, 0.8916)\n  centers[21] = (0.6903, 0.0895)\n  centers[22] = (0.3152, 0.0937)\n  centers[23] = (0.8534, 0.7044)\n  centers[24] = (0.0805, 0.7166)\n  centers[25] = (0.9286, 0.2740)",
        "num_circles": 26
    },
    "private": {
        "reported_sum_of_radii": 2.209579233473918
    },
    "execution_time_mean": 2.2649946269812062,
    "execution_time_std": 0.0,
    "num_valid_runs": 1,
    "num_invalid_runs": 0,
    "all_validation_errors": []
}