{
    "combined_score": 2.3357412138255396,
    "public": {
        "centers_str": "  centers[0] = (0.4956, 0.5481)\n  centers[1] = (0.1617, 0.9531)\n  centers[2] = (0.8852, 0.1097)\n  centers[3] = (0.0845, 0.2221)\n  centers[4] = (0.8916, 0.8682)\n  centers[5] = (0.2220, 0.2048)\n  centers[6] = (0.0587, 0.9305)\n  centers[7] = (0.6669, 0.0791)\n  centers[8] = (0.1350, 0.8746)\n  centers[9] = (0.0696, 0.0693)\n  centers[10] = (0.8880, 0.4560)\n  centers[11] = (0.7307, 0.8249)\n  centers[12] = (0.9740, 0.9740)\n  centers[13] = (0.1988, 0.6128)\n  centers[14] = (0.2165, 0.3816)\n  centers[15] = (0.9271, 0.2866)\n  centers[16] = (0.3063, 0.8339)\n  centers[17] = (0.7160, 0.2895)\n  centers[18] = (0.5618, 0.8805)\n  centers[19] = (0.4384, 0.1662)\n  centers[20] = (0.9522, 0.5911)\n  centers[21] = (0.0663, 0.5098)\n  centers[22] = (0.0473, 0.3976)\n  centers[23] = (0.0861, 0.7627)\n  centers[24] = (0.7988, 0.6594)\n  centers[25] = (0.2147, 0.0753)",
        "num_circles": 26
    },
    "private": {
        "reported_sum_of_radii": 2.3357412138255396
    },
    "execution_time_mean": 1.095749606960453,
    "execution_time_std": 0.0,
    "num_valid_runs": 1,
    "num_invalid_runs": 0,
    "all_validation_errors": []
}