{
    "combined_score": 1.3063088076664149,
    "public": {
        "centers_str": "  centers[0] = (0.1992, 0.0873)\n  centers[1] = (0.2575, 0.1517)\n  centers[2] = (0.3338, 0.1091)\n  centers[3] = (0.5153, 0.1143)\n  centers[4] = (0.8300, 0.3086)\n  centers[5] = (0.8444, 0.1781)\n  centers[6] = (0.1733, 0.2036)\n  centers[7] = (0.3223, 0.2864)\n  centers[8] = (0.4260, 0.2035)\n  centers[9] = (0.6294, 0.2059)\n  centers[10] = (0.7380, 0.1401)\n  centers[11] = (0.1193, 0.1110)\n  centers[12] = (0.1759, 0.3926)\n  centers[13] = (0.6024, 0.6638)\n  centers[14] = (0.4624, 0.3382)\n  centers[15] = (0.6446, 0.3360)\n  centers[16] = (0.6937, 0.4759)\n  centers[17] = (0.1692, 0.5956)\n  centers[18] = (0.3466, 0.4124)\n  centers[19] = (0.2773, 0.5272)\n  centers[20] = (0.5365, 0.4847)\n  centers[21] = (0.8010, 0.6029)\n  centers[22] = (0.2051, 0.7771)\n  centers[23] = (0.4451, 0.8034)\n  centers[24] = (0.4245, 0.6256)\n  centers[25] = (0.7396, 0.7875)",
        "num_circles": 26
    },
    "private": {
        "reported_sum_of_radii": 1.3063088076664149
    },
    "execution_time_mean": 3.190113893011585,
    "execution_time_std": 0.0,
    "num_valid_runs": 1,
    "num_invalid_runs": 0,
    "all_validation_errors": []
}