{
    "combined_score": 1.6663897002691217,
    "public": {
        "centers_str": "  centers[0] = (0.8265, 0.2762)\n  centers[1] = (0.5421, 0.5026)\n  centers[2] = (0.2684, 0.7245)\n  centers[3] = (0.8837, 0.7474)\n  centers[4] = (0.2787, 0.3750)\n  centers[5] = (0.5745, 0.1768)\n  centers[6] = (0.4921, 0.8486)\n  centers[7] = (0.4732, 0.3280)\n  centers[8] = (0.3595, 0.5352)\n  centers[9] = (0.6909, 0.5419)\n  centers[10] = (0.1052, 0.8965)\n  centers[11] = (0.6701, 0.7298)\n  centers[12] = (0.3409, 0.8592)\n  centers[13] = (0.1197, 0.4748)\n  centers[14] = (0.8908, 0.1402)\n  centers[15] = (0.8055, 0.4372)\n  centers[16] = (0.6751, 0.8923)\n  centers[17] = (0.8486, 0.8902)\n  centers[18] = (0.8393, 0.5912)\n  centers[19] = (0.6281, 0.3717)\n  centers[20] = (0.1052, 0.0939)\n  centers[21] = (0.7374, 0.1029)\n  centers[22] = (0.1177, 0.6376)\n  centers[23] = (0.3489, 0.1220)\n  centers[24] = (0.1194, 0.2873)\n  centers[25] = (0.4685, 0.6779)",
        "num_circles": 26
    },
    "private": {
        "reported_sum_of_radii": 1.6663897002691217
    },
    "execution_time_mean": 11.12011210701894,
    "execution_time_std": 0.0,
    "num_valid_runs": 1,
    "num_invalid_runs": 0,
    "all_validation_errors": []
}