{
    "combined_score": 2.1811323415952133,
    "public": {
        "centers_str": "  centers[0] = (0.1074, 0.0912)\n  centers[1] = (0.9216, 0.0802)\n  centers[2] = (0.0862, 0.8953)\n  centers[3] = (0.9012, 0.8902)\n  centers[4] = (0.2628, 0.0659)\n  centers[5] = (0.4038, 0.0754)\n  centers[6] = (0.6058, 0.0647)\n  centers[7] = (0.7559, 0.0873)\n  centers[8] = (0.2435, 0.9259)\n  centers[9] = (0.4122, 0.9034)\n  centers[10] = (0.5899, 0.9170)\n  centers[11] = (0.7397, 0.9324)\n  centers[12] = (0.0742, 0.2533)\n  centers[13] = (0.0825, 0.4097)\n  centers[14] = (0.0846, 0.5768)\n  centers[15] = (0.0498, 0.7604)\n  centers[16] = (0.9154, 0.2458)\n  centers[17] = (0.9230, 0.4072)\n  centers[18] = (0.9167, 0.5677)\n  centers[19] = (0.9534, 0.7483)\n  centers[20] = (0.3269, 0.4498)\n  centers[21] = (0.6754, 0.4415)\n  centers[22] = (0.4999, 0.7128)\n  centers[23] = (0.4934, 0.2095)\n  centers[24] = (0.2271, 0.7349)\n  centers[25] = (0.7754, 0.7324)",
        "num_circles": 26
    },
    "private": {
        "reported_sum_of_radii": 2.1811323415952133
    },
    "execution_time_mean": 2.9129772119922563,
    "execution_time_std": 0.0,
    "num_valid_runs": 1,
    "num_invalid_runs": 0,
    "all_validation_errors": []
}