{
    "combined_score": 2.002945205521075,
    "public": {
        "centers_str": "  centers[0] = (0.5794, 0.5199)\n  centers[1] = (0.8661, 0.5580)\n  centers[2] = (0.6359, 0.8326)\n  centers[3] = (0.4432, 0.8185)\n  centers[4] = (0.2503, 0.6770)\n  centers[5] = (0.1934, 0.4465)\n  centers[6] = (0.3453, 0.2582)\n  centers[7] = (0.5754, 0.1972)\n  centers[8] = (0.8811, 0.4118)\n  centers[9] = (0.9385, 0.6718)\n  centers[10] = (0.9365, 0.9356)\n  centers[11] = (0.7788, 0.9322)\n  centers[12] = (0.3804, 0.9338)\n  centers[13] = (0.0788, 0.9264)\n  centers[14] = (0.0824, 0.7886)\n  centers[15] = (0.0797, 0.3572)\n  centers[16] = (0.1320, 0.2531)\n  centers[17] = (0.0767, 0.0819)\n  centers[18] = (0.4414, 0.0851)\n  centers[19] = (0.7216, 0.1057)\n  centers[20] = (0.9405, 0.1004)\n  centers[21] = (0.8750, 0.2271)\n  centers[22] = (0.2321, 0.1004)\n  centers[23] = (0.8454, 0.0673)\n  centers[24] = (0.2241, 0.9123)\n  centers[25] = (0.8604, 0.8002)",
        "num_circles": 26
    },
    "private": {
        "reported_sum_of_radii": 2.002945205521075
    },
    "execution_time_mean": 0.4035629569552839,
    "execution_time_std": 0.0,
    "num_valid_runs": 1,
    "num_invalid_runs": 0,
    "all_validation_errors": []
}