{
    "combined_score": -2.1196311987459233,
    "public": {
        "centers_str": "  centers[0] = (0.5229, 0.5977)\n  centers[1] = (0.4228, 0.2889)\n  centers[2] = (0.5881, 0.3281)\n  centers[3] = (0.3989, 0.7126)\n  centers[4] = (0.5782, 0.7187)\n  centers[5] = (0.3024, 0.5281)\n  centers[6] = (0.7131, 0.5026)\n  centers[7] = (0.2238, 0.3339)\n  centers[8] = (0.7884, 0.6979)\n  centers[9] = (0.2028, 0.6774)\n  centers[10] = (0.7840, 0.3529)\n  centers[11] = (0.3028, 0.1816)\n  centers[12] = (0.4884, 0.1520)\n  centers[13] = (0.6857, 0.1729)\n  centers[14] = (0.3080, 0.8560)\n  centers[15] = (0.6720, 0.8635)\n  centers[16] = (0.4982, 0.8448)\n  centers[17] = (0.1136, 0.1407)\n  centers[18] = (0.0904, 0.5275)\n  centers[19] = (0.9142, 0.4912)\n  centers[20] = (0.0981, 0.8425)\n  centers[21] = (0.9101, 0.1874)\n  centers[22] = (0.8910, 0.8740)\n  centers[23] = (0.9567, 0.6887)\n  centers[24] = (0.9647, 0.3756)\n  centers[25] = (0.0179, 0.3558)",
        "num_circles": 26
    },
    "private": {
        "reported_sum_of_radii": -2.1196311987459233
    },
    "execution_time_mean": 3.30307638598606,
    "execution_time_std": 0.0,
    "num_valid_runs": 0,
    "num_invalid_runs": 1,
    "all_validation_errors": [
        "Negative radii found for circles at indices: [ 0  1  2  3  4  5  6  7  8  9 10 11 12 13 14 15 16 22]"
    ]
}