{
    "combined_score": 2.0968087254783145,
    "public": {
        "centers_str": "  centers[0] = (0.5242, 0.4293)\n  centers[1] = (0.8603, 0.5637)\n  centers[2] = (0.6912, 0.7377)\n  centers[3] = (0.3997, 0.7590)\n  centers[4] = (0.2229, 0.5906)\n  centers[5] = (0.0996, 0.4112)\n  centers[6] = (0.2909, 0.3163)\n  centers[7] = (0.5781, 0.1803)\n  centers[8] = (0.7694, 0.3166)\n  centers[9] = (0.9159, 0.7168)\n  centers[10] = (0.9778, 0.8271)\n  centers[11] = (0.6794, 0.9327)\n  centers[12] = (0.4227, 0.9363)\n  centers[13] = (0.1004, 0.9495)\n  centers[14] = (0.0931, 0.7584)\n  centers[15] = (0.0279, 0.4909)\n  centers[16] = (0.0819, 0.2505)\n  centers[17] = (0.2236, 0.0092)\n  centers[18] = (0.3902, 0.0935)\n  centers[19] = (0.7154, 0.0668)\n  centers[20] = (0.9228, 0.1919)\n  centers[21] = (0.9277, 0.4273)\n  centers[22] = (0.1707, 0.0985)\n  centers[23] = (0.8655, 0.0653)\n  centers[24] = (0.2328, 0.8882)\n  centers[25] = (0.8761, 0.8947)",
        "num_circles": 26
    },
    "private": {
        "reported_sum_of_radii": 2.0968087254783145
    },
    "execution_time_mean": 5.503230814996641,
    "execution_time_std": 0.0,
    "num_valid_runs": 1,
    "num_invalid_runs": 0,
    "all_validation_errors": []
}