{
    "combined_score": 1.8234388156615176,
    "public": {
        "centers_str": "  centers[0] = (0.8200, 0.6600)\n  centers[1] = (0.2496, 0.4338)\n  centers[2] = (0.3690, 0.4169)\n  centers[3] = (0.3400, 0.5000)\n  centers[4] = (0.9091, 0.8958)\n  centers[5] = (0.3939, 0.9075)\n  centers[6] = (0.1800, 0.3400)\n  centers[7] = (0.2716, 0.5185)\n  centers[8] = (0.6858, 0.5882)\n  centers[9] = (0.8306, 0.2334)\n  centers[10] = (0.9049, 0.1513)\n  centers[11] = (0.1039, 0.1110)\n  centers[12] = (0.9207, 0.7206)\n  centers[13] = (0.4991, 0.6668)\n  centers[14] = (0.4430, 0.0868)\n  centers[15] = (0.6178, 0.0941)\n  centers[16] = (0.8366, 0.0960)\n  centers[17] = (0.2992, 0.0983)\n  centers[18] = (0.1347, 0.5098)\n  centers[19] = (0.6473, 0.3034)\n  centers[20] = (0.4349, 0.3611)\n  centers[21] = (0.8200, 0.5000)\n  centers[22] = (0.1800, 0.8200)\n  centers[23] = (0.3400, 0.6600)\n  centers[24] = (0.5000, 0.5000)\n  centers[25] = (0.6600, 0.8200)",
        "num_circles": 26
    },
    "private": {
        "reported_sum_of_radii": 1.8234388156615176
    },
    "execution_time_mean": 73.07007932197303,
    "execution_time_std": 0.0,
    "num_valid_runs": 1,
    "num_invalid_runs": 0,
    "all_validation_errors": []
}